[{"family":"MaterialIcons","fonts":[{"asset":"fonts/MaterialIcons-Regular.otf"}]},{"family":"Montserrat","fonts":[{"asset":"fonts/Montserrat-Regular.ttf"},{"style":"italic","asset":"fonts/Montserrat-Italic.ttf"},{"weight":700,"asset":"fonts/Montserrat-Bold.ttf"},{"weight":600,"asset":"fonts/Montserrat-SemiBold.ttf"},{"weight":500,"asset":"fonts/Montserrat-Medium.ttf"},{"weight":300,"asset":"fonts/Montserrat-Light.ttf"}]},{"family":"packages/font_awesome_flutter/FontAwesomeBrands","fonts":[{"weight":400,"asset":"packages/font_awesome_flutter/lib/fonts/fa-brands-400.ttf"}]},{"family":"packages/font_awesome_flutter/FontAwesomeRegular","fonts":[{"weight":400,"asset":"packages/font_awesome_flutter/lib/fonts/fa-regular-400.ttf"}]},{"family":"packages/font_awesome_flutter/FontAwesomeSolid","fonts":[{"weight":900,"asset":"packages/font_awesome_flutter/lib/fonts/fa-solid-900.ttf"}]}]